Team,Year,Wins,Losses,Ties,Classification,QB,RB,WR,TE,OL,Offense,DL,LB,S,CB,Defense,SpecialTeams,DeadMoney,Total,CapMax,PercentUsed
49ers,2013.0,12.0,4.0,0.0,Good,2843160.0,9257768.0,16945177.0,10569598.0,17479156.0,57094859.0,11028483.0,17860800.0,10696955.0,12885741.0,52471979.0,6831666.0,6601496.0,116398504.0,123000000.0,0.9463293008130081
Bears,2013.0,8.0,8.0,0.0,Mediocre,11276471.0,12036166.0,16580067.0,2495000.0,10071052.0,52458756.0,29744128.0,12474915.0,3802254.0,15375000.0,61396297.0,6290000.0,2854947.0,120145053.0,123000000.0,0.9767890487804878
Bengals,2013.0,11.0,5.0,0.0,Good,2760833.0,5750703.0,8628272.0,5005166.0,22288147.0,44433121.0,38698754.0,8370673.0,5834061.0,16118302.0,69021790.0,5660000.0,3885089.0,119114911.0,123000000.0,0.9684139105691056
Bills,2013.0,6.0,10.0,0.0,Bad,4663940.0,8362867.0,8979223.0,4489668.0,14455361.0,40951059.0,29011040.0,6284838.0,10503423.0,7069748.0,52869049.0,2358844.0,26821048.0,96178952.0,123000000.0,0.7819426991869919
Broncos,2013.0,13.0,3.0,0.0,Good,18716295.0,5013752.0,10120554.0,8013902.0,25448424.0,67312927.0,12040751.0,12951882.0,5858346.0,17559225.0,48410204.0,5793833.0,1483036.0,121516964.0,123000000.0,0.9879427967479675
Browns,2013.0,4.0,12.0,0.0,Bad,4171299.0,2200883.0,5665825.0,2620527.0,23789034.0,38447568.0,21502679.0,20237182.0,2398318.0,10928931.0,55067110.0,2015000.0,27470322.0,95529678.0,123000000.0,0.7766640487804878
Buccaneers,2013.0,4.0,12.0,0.0,Bad,1184375.0,4644753.0,13771326.0,2393504.0,25305673.0,47299631.0,19183871.0,6396562.0,13033579.0,19419921.0,58033933.0,4810000.0,12856436.0,110143564.0,123000000.0,0.8954761300813008
Cardinals,2013.0,10.0,6.0,0.0,Good,6172993.0,5306754.0,15022466.0,4353078.0,19069690.0,49924981.0,20498000.0,13311655.0,2809618.0,10407900.0,47027173.0,4716666.0,21331180.0,101668820.0,123000000.0,0.8265757723577236
Chargers,2013.0,9.0,7.0,0.0,Mediocre,15996516.0,8212583.0,10926398.0,8795715.0,17428226.0,61359438.0,6241425.0,18315172.0,11490435.0,4839588.0,40886620.0,5652500.0,15101442.0,107898558.0,123000000.0,0.8772240487804878
Chiefs,2013.0,11.0,5.0,0.0,Good,10708333.0,6779755.0,7268150.0,3435650.0,20708982.0,48900870.0,13759289.0,22533136.0,13251425.0,13096878.0,62640728.0,3888750.0,7569652.0,115430348.0,123000000.0,0.9384581138211382
Colts,2013.0,11.0,5.0,0.0,Good,8524545.0,7237379.0,11908481.0,2615661.0,18601449.0,48887515.0,13140390.0,20991429.0,13323235.0,9596407.0,57051461.0,6857000.0,10204024.0,112795976.0,123000000.0,0.9170404552845528
Cowboys,2013.0,8.0,8.0,0.0,Mediocre,13818982.0,2257011.0,8120768.0,5623758.0,19470710.0,49291229.0,5814913.0,26468546.0,3220898.0,13029474.0,48533831.0,2095833.0,23079107.0,99920893.0,123000000.0,0.8123649837398373
Dolphins,2013.0,8.0,8.0,0.0,Mediocre,5859205.0,2412352.0,8242874.0,6007127.0,17638011.0,40159569.0,27792257.0,9006508.0,5027138.0,13351955.0,55177858.0,3179890.0,24482683.0,98517317.0,123000000.0,0.8009537967479675
Eagles,2013.0,10.0,6.0,0.0,Good,13385137.0,10184362.0,19199989.0,5509036.0,25664899.0,73943423.0,14205767.0,11292817.0,6920158.0,6032738.0,38451480.0,2320027.0,8285070.0,114714930.0,123000000.0,0.9326417073170732
Falcons,2013.0,4.0,12.0,0.0,Bad,10920140.0,6293062.0,17406642.0,6938146.0,16471155.0,58029145.0,17946068.0,8433728.0,7249890.0,9276181.0,42905867.0,4022283.0,18042705.0,104957295.0,123000000.0,0.8533113414634146
Giants,2013.0,7.0,9.0,0.0,Mediocre,21998400.0,5036739.0,8677626.0,2998913.0,24235900.0,62947578.0,14642808.0,7916847.0,12704990.0,11202110.0,46466755.0,3494000.0,10091667.0,112908333.0,123000000.0,0.9179539268292682
Jaguars,2013.0,4.0,12.0,0.0,Bad,8347588.0,8982941.0,6832868.0,7160882.0,14764080.0,46088359.0,13923225.0,13544999.0,3396626.0,2807072.0,33671922.0,4368871.0,38870848.0,84129152.0,123000000.0,0.6839768455284553
Jets,2013.0,8.0,8.0,0.0,Mediocre,14759015.0,4154535.0,12811933.0,2593765.0,21528632.0,55847880.0,5447833.0,19656284.0,3028114.0,12965418.0,41097649.0,1672352.0,24382119.0,98617881.0,123000000.0,0.8017713902439024
Lions,2013.0,7.0,9.0,0.0,Mediocre,21556666.0,3987009.0,15281546.0,4207277.0,13221451.0,58253949.0,22485856.0,10479067.0,4758334.0,6133807.0,43857064.0,1685075.0,19203912.0,103796088.0,123000000.0,0.8438706341463414
Packers,2013.0,8.0,7.0,1.0,Mediocre,13013000.0,2429420.0,10223980.0,11341695.0,17540974.0,54549069.0,16546195.0,21036760.0,5083802.0,13957143.0,56623900.0,4276250.0,7550781.0,115449219.0,123000000.0,0.9386115365853659
Panthers,2013.0,12.0,4.0,0.0,Good,7579454.0,11315450.0,10702213.0,4325000.0,18885126.0,52807243.0,16170994.0,12890911.0,6639853.0,3244456.0,38946214.0,2079670.0,29166873.0,93833127.0,123000000.0,0.7628709512195122
Patriots,2013.0,12.0,4.0,0.0,Good,14603953.0,3682367.0,8749814.0,4150882.0,22775490.0,53962506.0,21590202.0,10801171.0,7386653.0,8618787.0,48396813.0,4360500.0,16280181.0,106719819.0,123000000.0,0.8676408048780487
Raiders,2013.0,4.0,12.0,0.0,Bad,1146517.0,11660884.0,4609651.0,1496363.0,10275023.0,29188438.0,7242262.0,6548030.0,6752294.0,6688580.0,27231166.0,6491166.0,60089230.0,62910770.0,123000000.0,0.511469674796748
Rams,2013.0,7.0,9.0,0.0,Mediocre,13422823.0,2637944.0,5479738.0,6187555.0,19240160.0,46968220.0,23343366.0,15693252.0,3645196.0,17453159.0,60134973.0,1651371.0,14245436.0,108754564.0,123000000.0,0.8841834471544715
Ravens,2013.0,8.0,8.0,0.0,Mediocre,7381327.0,7936927.0,7932810.0,3966000.0,16354916.0,43571980.0,17852491.0,23412159.0,3813423.0,10949281.0,56027354.0,3735000.0,19665666.0,103334334.0,123000000.0,0.8401165365853659
Redskins,2013.0,3.0,13.0,0.0,Bad,5972967.0,2212882.0,19585321.0,4639357.0,20025614.0,52436141.0,14227749.0,19629100.0,4619719.0,7102431.0,45578999.0,2650000.0,22334860.0,100665140.0,123000000.0,0.8184157723577236
Saints,2013.0,11.0,5.0,0.0,Good,18193235.0,9159749.0,11679433.0,3245951.0,17964025.0,60242393.0,17728724.0,14015416.0,9960582.0,11598369.0,53303091.0,2775294.0,6679222.0,116320778.0,123000000.0,0.9456973821138212
Seahawks,2013.0,13.0,3.0,0.0,Good,1521085.0,10799653.0,16831423.0,12778788.0,27955261.0,69886210.0,32619341.0,7377232.0,8579619.0,3557545.0,52133737.0,2792500.0,-1812447.0,124812447.0,123000000.0,1.0147353414634146
Steelers,2013.0,8.0,8.0,0.0,Mediocre,15393138.0,2549641.0,8697844.0,9207474.0,10734255.0,46582352.0,12586770.0,21979116.0,16480395.0,11069889.0,62116170.0,2676324.0,11625154.0,111374846.0,123000000.0,0.9054865528455285
Texans,2013.0,2.0,14.0,0.0,Bad,11756250.0,10909839.0,14247672.0,6948519.0,18690874.0,62553154.0,15386734.0,11351449.0,7261547.0,16655776.0,50655506.0,2476610.0,7314730.0,115685270.0,123000000.0,0.9405306504065041
Titans,2013.0,7.0,9.0,0.0,Mediocre,6336958.0,15376098.0,12686896.0,6979500.0,26721984.0,68101436.0,15222821.0,5740835.0,10777066.0,9602477.0,41343199.0,4640041.0,8915324.0,114084676.0,123000000.0,0.9275176910569106
Vikings,2013.0,5.0,10.0,1.0,Bad,8470555.0,15752110.0,10453987.0,4582245.0,20329032.0,59587929.0,35975500.0,13588356.0,5691438.0,4281849.0,59537143.0,2010531.0,1864397.0,121135603.0,123000000.0,0.9848423008130082
49ers,2014.0,8.0,8.0,0.0,Mediocre,6114325.0,8804558.0,14014025.0,9364040.0,22908605.0,61205553.0,14858320.0,24211352.0,7042189.0,7623157.0,53735018.0,4970000.0,13089429.0,119910571.0,133000000.0,0.9015832406015037
Bears,2014.0,5.0,11.0,0.0,Bad,19219118.0,9580845.0,11977950.0,7234947.0,16515321.0,64528181.0,18588037.0,10686451.0,4434278.0,11635097.0,45343863.0,3750445.0,19377511.0,113622489.0,133000000.0,0.8543044285714285
Bengals,2014.0,10.0,5.0,1.0,Good,10928123.0,3654864.0,10856116.0,8253862.0,19718975.0,53411940.0,30758457.0,13702366.0,6534061.0,17739200.0,68734084.0,4480000.0,6373976.0,126626024.0,133000000.0,0.9520753684210527
Bills,2014.0,9.0,7.0,0.0,Mediocre,6126486.0,11520979.0,6857046.0,3098194.0,19208595.0,46811300.0,33350932.0,16584051.0,7300537.0,12531233.0,69766753.0,3886667.0,12535280.0,120464720.0,133000000.0,0.9057497744360902
Broncos,2014.0,12.0,4.0,0.0,Good,18629094.0,2748063.0,18771159.0,3669295.0,25213332.0,69030943.0,19277963.0,10658503.0,7141122.0,15320403.0,52397991.0,4134862.0,7436204.0,125563796.0,133000000.0,0.9440886917293233
Browns,2014.0,7.0,9.0,0.0,Mediocre,2807980.0,1529301.0,10771737.0,4683350.0,30648671.0,50441039.0,19290519.0,19172353.0,6699334.0,17398562.0,62560768.0,1293529.0,18704664.0,114295336.0,133000000.0,0.8593634285714286
Buccaneers,2014.0,2.0,14.0,0.0,Bad,5512169.0,3929661.0,17087432.0,4010280.0,20487478.0,51027020.0,40085083.0,5214997.0,10665150.0,12689893.0,68655123.0,4090000.0,9227857.0,123772143.0,133000000.0,0.9306176165413533
Cardinals,2014.0,11.0,5.0,0.0,Good,16441995.0,2653397.0,14667325.0,4298132.0,13774076.0,51834925.0,25825251.0,16514133.0,3473804.0,16867423.0,62680611.0,1861579.0,16622885.0,116377115.0,133000000.0,0.8750159022556391
Chargers,2014.0,9.0,7.0,0.0,Mediocre,17856766.0,8605886.0,10851816.0,9315091.0,19973727.0,66603286.0,7275737.0,18069498.0,13044216.0,6186511.0,44575962.0,2643088.0,19177664.0,113822336.0,133000000.0,0.8558070375939849
Chiefs,2014.0,9.0,7.0,0.0,Mediocre,8786939.0,11495196.0,17692219.0,6165390.0,12179435.0,56319179.0,14297941.0,24232568.0,14757053.0,8579227.0,61866789.0,4815666.0,9998366.0,123001634.0,133000000.0,0.9248243157894737
Colts,2014.0,11.0,5.0,0.0,Good,9779454.0,4019936.0,11951863.0,2894739.0,16559625.0,45205617.0,18595139.0,24218804.0,7474934.0,15753451.0,66042328.0,5770000.0,15982055.0,117017945.0,133000000.0,0.8798341729323308
Cowboys,2014.0,12.0,4.0,0.0,Good,12764666.0,2815945.0,5655361.0,9965144.0,21509863.0,52710979.0,10653530.0,10078315.0,3619379.0,21783154.0,46134378.0,3350000.0,30804643.0,102195357.0,133000000.0,0.7683861428571429
Dolphins,2014.0,8.0,8.0,0.0,Mediocre,9024346.0,5275190.0,28597229.0,2453213.0,19009521.0,64359499.0,24861738.0,19901899.0,7286117.0,12603136.0,64652890.0,5092343.0,-1104732.0,134104732.0,133000000.0,1.0083062556390978
Eagles,2014.0,10.0,6.0,0.0,Good,3772237.0,16415834.0,10693053.0,5720045.0,29459266.0,66060435.0,16561275.0,17603337.0,7603608.0,13632290.0,55400510.0,2808333.0,8730722.0,124269278.0,133000000.0,0.9343554736842106
Falcons,2014.0,6.0,10.0,0.0,Bad,18576474.0,6980028.0,17966288.0,1247246.0,26463166.0,71233202.0,24351290.0,7666852.0,7645545.0,5342576.0,45006263.0,5152284.0,11608251.0,121391749.0,133000000.0,0.9127199172932331
Giants,2014.0,6.0,10.0,0.0,Bad,21008400.0,5120134.0,12922572.0,2083825.0,18841638.0,59976569.0,13113573.0,14621482.0,14117378.0,11998314.0,53850747.0,4475000.0,14697684.0,118302316.0,133000000.0,0.8894910977443609
Jaguars,2014.0,3.0,13.0,0.0,Bad,9554830.0,6308882.0,8703307.0,10592682.0,16247624.0,51407325.0,28827556.0,13828131.0,4265477.0,3681002.0,50602166.0,5453856.0,25536653.0,107463347.0,133000000.0,0.8079950902255639
Jets,2014.0,4.0,12.0,0.0,Bad,5402878.0,6138225.0,14682201.0,3321133.0,27006154.0,56550591.0,9226734.0,15437435.0,4571367.0,7604495.0,36840031.0,4890000.0,34719378.0,98280622.0,133000000.0,0.738952045112782
Lions,2014.0,11.0,5.0,0.0,Good,17031668.0,6083043.0,18606777.0,5346687.0,11871158.0,58939333.0,38109250.0,13479446.0,5342000.0,4023173.0,60953869.0,1572428.0,11534370.0,121465630.0,133000000.0,0.9132754135338346
Packers,2014.0,12.0,4.0,0.0,Good,19273750.0,2850778.0,9395943.0,2464445.0,18989544.0,52974460.0,7450236.0,34901978.0,7570989.0,19240070.0,69163273.0,5476250.0,5386017.0,127613983.0,133000000.0,0.9595036315789474
Panthers,2014.0,7.0,8.0,1.0,Mediocre,8743113.0,15241700.0,4162200.0,9592200.0,16431582.0,54170795.0,33189527.0,9299071.0,4923626.0,1839412.0,49251636.0,3319670.0,26257899.0,106742101.0,133000000.0,0.8025721879699248
Patriots,2014.0,12.0,4.0,0.0,Good,15446036.0,4537291.0,13923556.0,7369559.0,15395126.0,56671568.0,16148688.0,12844605.0,8563385.0,15032481.0,52589159.0,4940500.0,18798773.0,114201227.0,133000000.0,0.8586558421052631
Raiders,2014.0,3.0,13.0,0.0,Bad,9471691.0,6996329.0,9015614.0,1400205.0,17354097.0,44237936.0,22786638.0,5264934.0,13433828.0,11631671.0,53117071.0,4707834.0,30937159.0,102062841.0,133000000.0,0.7673897819548873
Rams,2014.0,6.0,10.0,0.0,Bad,19930000.0,3635133.0,7202903.0,8642056.0,26104635.0,65514727.0,33755716.0,13534676.0,4207611.0,3599498.0,55097501.0,2087640.0,10300132.0,122699868.0,133000000.0,0.9225553984962406
Ravens,2014.0,10.0,6.0,0.0,Good,15578427.0,1891185.0,6901832.0,4991340.0,17897641.0,47260425.0,21184683.0,19631410.0,5389608.0,11857910.0,58063611.0,4507705.0,23168259.0,109831741.0,133000000.0,0.8258025639097745
Redskins,2014.0,4.0,12.0,0.0,Bad,7082926.0,2678257.0,18448822.0,3831981.0,26783400.0,58825386.0,22331951.0,20125647.0,3143824.0,7461353.0,53062775.0,1902500.0,19209339.0,113790661.0,133000000.0,0.8555688796992481
Saints,2014.0,7.0,9.0,0.0,Mediocre,19064118.0,5399617.0,12178739.0,6269241.0,25334966.0,68246681.0,9747350.0,14691920.0,9083250.0,8305918.0,41828438.0,4665000.0,18259881.0,114740119.0,133000000.0,0.8627076616541354
Seahawks,2014.0,12.0,4.0,0.0,Good,2227438.0,9949013.0,6213265.0,7238609.0,23505262.0,49133587.0,26292132.0,11003673.0,14824595.0,6488073.0,58608473.0,3987500.0,21270440.0,111729560.0,133000000.0,0.8400718796992481
Steelers,2014.0,11.0,5.0,0.0,Good,21333138.0,1669039.0,7942649.0,7847766.0,14731514.0,53524106.0,9360367.0,28650595.0,10751868.0,13352245.0,62115075.0,2817500.0,14543319.0,118456681.0,133000000.0,0.8906517368421053
Texans,2014.0,9.0,7.0,0.0,Mediocre,4907663.0,9457433.0,19869037.0,4412445.0,23390496.0,62037074.0,8559949.0,16201819.0,2839451.0,17795552.0,45396771.0,3491610.0,22074545.0,110925455.0,133000000.0,0.8340259774436091
Titans,2014.0,2.0,14.0,0.0,Bad,6035575.0,6946110.0,9394069.0,8033603.0,26321377.0,56730734.0,22530646.0,7346559.0,14007775.0,10683260.0,54568240.0,2631042.0,19069984.0,113930016.0,133000000.0,0.8566166616541353
Vikings,2014.0,7.0,9.0,0.0,Mediocre,10278077.0,13954903.0,10289462.0,3870027.0,24118962.0,62511431.0,25558005.0,13626014.0,3934664.0,7924243.0,51042926.0,2410531.0,17035112.0,115964888.0,133000000.0,0.8719164511278196
49ers,2015.0,5.0,11.0,0.0,Bad,17234471.0,4458248.0,13840026.0,2762661.0,19757909.0,58053315.0,8381362.0,20469116.0,8880119.0,6467970.0,44198567.0,5427550.0,35600568.0,107679432.0,143280000.0,0.7515314907872697
Bears,2015.0,6.0,10.0,0.0,Bad,16725388.0,11448751.0,12807674.0,7560294.0,17921204.0,66463311.0,5097132.0,22051239.0,8796854.0,6925380.0,42870605.0,4289856.0,29656228.0,113623772.0,143280000.0,0.7930190675600224
Bengals,2015.0,12.0,4.0,0.0,Good,10238778.0,4040770.0,18726078.0,3962305.0,26041777.0,63009708.0,25914276.0,20598622.0,8119150.0,16808890.0,71440938.0,5620000.0,3209354.0,140070646.0,143280000.0,0.9776008235622557
Bills,2015.0,8.0,8.0,0.0,Mediocre,3732738.0,7707163.0,12781663.0,5735146.0,15086305.0,45043015.0,43755012.0,7776423.0,5657363.0,16809630.0,73998428.0,4250000.0,19988557.0,123291443.0,143280000.0,0.8604930415968732
Broncos,2015.0,12.0,4.0,0.0,Good,19067139.0,2115642.0,23083075.0,7984142.0,25231140.0,77481138.0,18447328.0,15660017.0,11305871.0,13543730.0,58956946.0,3705000.0,3136916.0,140143084.0,143280000.0,0.9781063930764936
Browns,2015.0,3.0,13.0,0.0,Bad,8093954.0,1964338.0,14792090.0,5193030.0,27241456.0,57284868.0,16743626.0,21907486.0,11656943.0,23514408.0,73822463.0,2920000.0,9252669.0,134027331.0,143280000.0,0.9354224664991625
Buccaneers,2015.0,6.0,10.0,0.0,Bad,5965886.0,5081515.0,18129732.0,4336557.0,20141348.0,53655038.0,29415438.0,12188387.0,4087338.0,8260432.0,53951595.0,1514706.0,34158661.0,109121339.0,143280000.0,0.7615950516471245
Cardinals,2015.0,13.0,3.0,0.0,Good,11834168.0,2946734.0,16186291.0,5182957.0,29469242.0,65619392.0,24656866.0,15119938.0,4181310.0,22409565.0,66367679.0,1760500.0,9532429.0,133747571.0,143280000.0,0.9334699260189838
Chargers,2015.0,4.0,12.0,0.0,Bad,22989168.0,7201545.0,8556430.0,10790590.0,18814927.0,68352660.0,13769105.0,14749306.0,12240418.0,9571186.0,50330015.0,5666666.0,18930659.0,124349341.0,143280000.0,0.8678764726409827
Chiefs,2015.0,11.0,5.0,0.0,Good,21476940.0,9656539.0,6172669.0,2273413.0,16221401.0,55800962.0,11606841.0,21741283.0,14112700.0,11077574.0,58538398.0,4745666.0,24194974.0,119085026.0,143280000.0,0.8311350223338917
Colts,2015.0,8.0,8.0,0.0,Mediocre,10638775.0,5617471.0,13153178.0,4034629.0,14365795.0,47809848.0,14935562.0,35495549.0,5801282.0,21055447.0,77287840.0,7250000.0,10932312.0,132347688.0,143280000.0,0.9236996649916248
Cowboys,2015.0,4.0,12.0,0.0,Bad,16983000.0,3636824.0,11395882.0,8455213.0,17609241.0,58080160.0,19889032.0,12864734.0,5252185.0,24161659.0,62167610.0,4620000.0,18412230.0,124867770.0,143280000.0,0.8714947654941374
Dolphins,2015.0,6.0,10.0,0.0,Bad,7563364.0,2623010.0,7039908.0,6819535.0,23159445.0,47205262.0,29823936.0,9729666.0,10861046.0,14670090.0,65084738.0,2050333.0,28939667.0,114340333.0,143280000.0,0.7980201912339475
Eagles,2015.0,7.0,9.0,0.0,Mediocre,17392354.0,12012071.0,9224526.0,6878554.0,23951203.0,69458708.0,15339164.0,18345110.0,11129568.0,13900914.0,58714756.0,3999332.0,11107204.0,132172796.0,143280000.0,0.9224790340591849
Falcons,2015.0,8.0,8.0,0.0,Mediocre,20208674.0,2086750.0,23948138.0,2839587.0,15191609.0,64274758.0,22298021.0,9188588.0,7655153.0,5104050.0,44245812.0,4321470.0,30437960.0,112842040.0,143280000.0,0.7875630932439978
Giants,2015.0,6.0,10.0,0.0,Bad,15240800.0,6883801.0,14975789.0,1889705.0,23070742.0,62060837.0,18797199.0,10999035.0,3336069.0,17527051.0,50659354.0,1885588.0,28674221.0,114605779.0,143280000.0,0.7998728294249023
Jaguars,2015.0,5.0,11.0,0.0,Bad,8194273.0,5564721.0,7847093.0,16447200.0,24810232.0,62863519.0,34381175.0,13628224.0,5375948.0,9416089.0,62801436.0,1896314.0,15718731.0,127561269.0,143280000.0,0.8902936139028476
Jets,2015.0,10.0,6.0,0.0,Good,5192407.0,6431875.0,20552089.0,4191281.0,33201673.0,69569325.0,17349030.0,14242642.0,8846076.0,31508947.0,71946695.0,1773088.0,-9108.0,143289108.0,143280000.0,1.000063567839196
Lions,2015.0,7.0,9.0,0.0,Mediocre,18498450.0,5554369.0,25484600.0,7702332.0,10416454.0,67656205.0,24213664.0,13578562.0,8736044.0,5062376.0,51590646.0,2727575.0,21305574.0,121974426.0,143280000.0,0.8513011306532663
Packers,2015.0,10.0,6.0,0.0,Good,20090908.0,2917044.0,13021509.0,3295825.0,21177514.0,60502800.0,10632552.0,36726064.0,10790891.0,13207797.0,71357304.0,4941176.0,6478720.0,136801280.0,143280000.0,0.9547828029034059
Panthers,2015.0,15.0,1.0,0.0,Good,15429000.0,13272396.0,8477173.0,8146666.0,21230527.0,66555762.0,30121586.0,18067227.0,5187392.0,4940895.0,58317100.0,4774670.0,13632468.0,129647532.0,143280000.0,0.9048543551088777
Patriots,2015.0,12.0,4.0,0.0,Good,14791795.0,4333999.0,16040318.0,12066813.0,21165260.0,68398185.0,16409001.0,16682611.0,11471634.0,4536710.0,49099956.0,5163000.0,20618859.0,122661141.0,143280000.0,0.8560939489112228
Raiders,2015.0,7.0,9.0,0.0,Mediocre,1918064.0,3907750.0,12243561.0,4799545.0,31155998.0,54024918.0,23433042.0,12767283.0,14730695.0,4515992.0,55447012.0,5255235.0,28552835.0,114727165.0,143280000.0,0.8007200237297599
Rams,2015.0,7.0,9.0,0.0,Mediocre,5218449.0,4573838.0,11759085.0,15475441.0,18702572.0,55729385.0,47269247.0,10751780.0,8220899.0,4293600.0,70535526.0,3947080.0,13068009.0,130211991.0,143280000.0,0.9087939070351759
Ravens,2015.0,5.0,11.0,0.0,Bad,16944412.0,2913788.0,9952732.0,8782294.0,20756704.0,59349930.0,6458833.0,22299734.0,17048671.0,7299764.0,53107002.0,5421000.0,25402068.0,117877932.0,143280000.0,0.8227103015075377
Redskins,2015.0,9.0,7.0,0.0,Mediocre,8872885.0,3242342.0,24335809.0,5451490.0,27764389.0,69666915.0,21148325.0,16304647.0,6696517.0,11146176.0,55295665.0,2102500.0,16214920.0,127065080.0,143280000.0,0.8868305415968732
Saints,2015.0,7.0,9.0,0.0,Mediocre,25358586.0,5692821.0,9440930.0,3887942.0,18404737.0,62785016.0,9492895.0,10965605.0,11168099.0,9757823.0,41384422.0,4702058.0,34408504.0,108871496.0,143280000.0,0.7598513121161362
Seahawks,2015.0,10.0,6.0,0.0,Good,8554868.0,10635847.0,9888081.0,10063162.0,12810650.0,51952608.0,27371784.0,12979618.0,14428318.0,15557555.0,70337275.0,5670000.0,15320117.0,127959883.0,143280000.0,0.8930756769960916
Steelers,2015.0,10.0,6.0,0.0,Good,20358139.0,3265082.0,10701027.0,6131594.0,19423147.0,59878989.0,14557602.0,20934781.0,5560650.0,13377624.0,54430657.0,1432647.0,27537707.0,115742293.0,143280000.0,0.8078049483528755
Texans,2015.0,9.0,7.0,0.0,Mediocre,6357837.0,10875801.0,6411093.0,5702571.0,22820504.0,52167806.0,20580901.0,21628161.0,4828838.0,23059240.0,70097140.0,3503848.0,17511206.0,125768794.0,143280000.0,0.877783319374651
Titans,2015.0,3.0,13.0,0.0,Bad,5017020.0,5286810.0,8113034.0,10117500.0,11157861.0,39692225.0,21707812.0,15811256.0,12937775.0,15939246.0,66396089.0,4744666.0,32447020.0,110832980.0,143280000.0,0.7735411781127861
Vikings,2015.0,11.0,5.0,0.0,Good,5245038.0,17210950.0,15700531.0,8705993.0,29660487.0,76522999.0,24756894.0,12576191.0,5565439.0,14643487.0,57542011.0,3455531.0,5759459.0,137520541.0,143280000.0,0.9598027707984367
49ers,2016.0,2.0,14.0,0.0,Bad,23694507.0,3028926.0,11876072.0,5615042.0,16923639.0,61138186.0,12233787.0,27657777.0,10807904.0,9075198.0,59774666.0,4677550.0,29679598.0,125590402.0,155270000.0,0.808851690603465
Bears,2016.0,3.0,13.0,0.0,Bad,20140353.0,2164522.0,23453575.0,4156185.0,25044099.0,74958734.0,10499728.0,35223650.0,3785524.0,9545141.0,59054043.0,1751327.0,19505896.0,135764104.0,155270000.0,0.874374341469698
Bengals,2016.0,6.0,9.0,1.0,Bad,14195413.0,7582248.0,17903068.0,4895878.0,26963355.0,71539962.0,31257053.0,15238247.0,10932963.0,20040214.0,77468477.0,4104117.0,2157444.0,153112556.0,155270000.0,0.9861052102788691
Bills,2016.0,7.0,9.0,0.0,Mediocre,10286322.0,10305929.0,13321463.0,7994746.0,19315114.0,61223574.0,30257421.0,8187722.0,14367753.0,15208647.0,68021543.0,4245000.0,21779883.0,133490117.0,155270000.0,0.8597289688928963
Broncos,2016.0,9.0,7.0,0.0,Mediocre,2261161.0,7652724.0,24631438.0,4002548.0,14289846.0,52837717.0,22599746.0,21118620.0,11486444.0,22329018.0,77533828.0,1281766.0,23616689.0,131653311.0,155270000.0,0.8478992142719134
Browns,2016.0,1.0,15.0,0.0,Bad,11022385.0,2873269.0,8060225.0,3663632.0,20849784.0,46469295.0,12135603.0,7112029.0,2503713.0,23427666.0,45179011.0,2719117.0,60902577.0,94367423.0,155270000.0,0.6077633992400335
Buccaneers,2016.0,9.0,7.0,0.0,Mediocre,8192029.0,9960806.0,20084145.0,4589627.0,28332177.0,71158784.0,32879948.0,15028993.0,5670300.0,21537490.0,75116731.0,3086830.0,5907655.0,149362345.0,155270000.0,0.9619523732852451
Cardinals,2016.0,7.0,8.0,1.0,Mediocre,20967647.0,5171763.0,19073522.0,5942819.0,19298535.0,70454286.0,24563395.0,17506350.0,11210539.0,16623998.0,69904282.0,1235792.0,13675640.0,141594360.0,155270000.0,0.9119234881174728
Chargers,2016.0,5.0,11.0,0.0,Bad,17180000.0,7457629.0,18017691.0,8274768.0,25538138.0,76468226.0,23030310.0,15314026.0,7089050.0,18462884.0,63896270.0,1912622.0,12992882.0,142277118.0,155270000.0,0.9163207187479874
Chiefs,2016.0,12.0,4.0,0.0,Good,20232200.0,8036819.0,16078663.0,4923789.0,15060778.0,64332249.0,17326136.0,28506033.0,15661151.0,5252667.0,66745987.0,6025667.0,18166097.0,137103903.0,155270000.0,0.883003175114317
Colts,2016.0,8.0,8.0,0.0,Mediocre,19980000.0,5551333.0,14669690.0,11144550.0,20978970.0,72324543.0,10341107.0,23740432.0,7557088.0,13866511.0,55505138.0,6750000.0,20690319.0,134579681.0,155270000.0,0.866746190506859
Cowboys,2016.0,13.0,3.0,0.0,Good,23926148.0,9073966.0,19837501.0,9867494.0,21408752.0,84113861.0,14994947.0,16163174.0,8367517.0,20670361.0,60195999.0,5920000.0,5040140.0,150229860.0,155270000.0,0.9675395118181233
Dolphins,2016.0,10.0,6.0,0.0,Good,13281182.0,1974686.0,6367688.0,11317299.0,28772146.0,61713001.0,42464751.0,8873417.0,11884805.0,12949485.0,76172458.0,2265333.0,15119208.0,140150792.0,155270000.0,0.9026263412120822
Eagles,2016.0,7.0,9.0,0.0,Mediocre,9960643.0,10317028.0,4931355.0,6394996.0,33687976.0,65291998.0,29617028.0,12105117.0,11431668.0,6807479.0,59961292.0,2962744.0,27053966.0,128216034.0,155270000.0,0.8257617955818896
Falcons,2016.0,11.0,5.0,0.0,Good,25631100.0,1852741.0,21945916.0,5486900.0,21046268.0,75962925.0,24689535.0,10513747.0,4903067.0,6580038.0,46686387.0,6743333.0,25877355.0,129392645.0,155270000.0,0.8333396341856122
Giants,2016.0,11.0,5.0,0.0,Good,25595300.0,9665597.0,16493051.0,3014714.0,13326066.0,68094728.0,20436629.0,25782645.0,3598913.0,21773449.0,71591636.0,2588235.0,12995401.0,142274599.0,155270000.0,0.9163044953951182
Jaguars,2016.0,3.0,13.0,0.0,Bad,10864196.0,5551588.0,14724668.0,11943324.0,23218590.0,66302366.0,40513354.0,11310962.0,7553819.0,16930497.0,76308632.0,3350000.0,9309002.0,145960998.0,155270000.0,0.940046357957107
Jets,2016.0,5.0,11.0,0.0,Bad,10107898.0,5337110.0,20760335.0,2530923.0,27844419.0,66580685.0,21908891.0,13511294.0,7858962.0,24531901.0,67811048.0,4744781.0,16133486.0,139136514.0,155270000.0,0.8960939911122561
Lions,2016.0,9.0,7.0,0.0,Mediocre,23338824.0,3971695.0,17619492.0,6514242.0,17174595.0,68618848.0,17318764.0,13539421.0,11189104.0,8071148.0,50118437.0,5070075.0,31462640.0,123807360.0,155270000.0,0.7973681973336768
Packers,2016.0,10.0,6.0,0.0,Good,19910320.0,4891731.0,20326344.0,3544204.0,20810535.0,69483134.0,14048475.0,34780061.0,10901780.0,16459880.0,76190196.0,3525000.0,6071670.0,149198330.0,155270000.0,0.9608960520383848
Panthers,2016.0,6.0,10.0,0.0,Bad,21450000.0,10958863.0,8550593.0,8019942.0,25130242.0,74109640.0,15822244.0,18305233.0,5567091.0,3505394.0,43199962.0,5060290.0,32900108.0,122369892.0,155270000.0,0.7881103368326141
Patriots,2016.0,14.0,2.0,0.0,Good,15259305.0,5014925.0,17034672.0,12945867.0,26800280.0,77055049.0,19931762.0,13450124.0,12755434.0,4775449.0,50912769.0,6387500.0,20914682.0,134355318.0,155270000.0,0.8653012043537065
Raiders,2016.0,12.0,4.0,0.0,Good,4623009.0,2818849.0,19361975.0,5870639.0,36972041.0,69646513.0,30211097.0,7047949.0,12697085.0,20847900.0,70804031.0,10187500.0,4631956.0,150638044.0,155270000.0,0.9701683776647131
Rams,2016.0,4.0,12.0,0.0,Bad,9453311.0,6684248.0,17565083.0,7779092.0,18948473.0,60430207.0,34625253.0,9904864.0,5822846.0,15228577.0,65581540.0,4498773.0,24759480.0,130510520.0,155270000.0,0.8405391897984157
Ravens,2016.0,8.0,8.0,0.0,Mediocre,24056900.0,2492212.0,13619295.0,8561035.0,18007403.0,66736845.0,7240013.0,21911672.0,18916487.0,13055152.0,61123324.0,7540000.0,19869831.0,135400169.0,155270000.0,0.8720304566239454
Redskins,2016.0,8.0,7.0,1.0,Mediocre,22237334.0,2428948.0,23519793.0,8387911.0,26263648.0,82837634.0,9799579.0,16294454.0,7736030.0,10733385.0,44563448.0,2612500.0,25256418.0,130013582.0,155270000.0,0.8373387132092484
Saints,2016.0,7.0,9.0,0.0,Mediocre,18617300.0,4961190.0,5224319.0,5726719.0,19176356.0,53705884.0,14422130.0,9977450.0,16579686.0,4828050.0,45807316.0,4390000.0,51366800.0,103903200.0,155270000.0,0.669177561666774
Seahawks,2016.0,10.0,5.0,1.0,Good,18997000.0,2236171.0,13750952.0,12684653.0,6307577.0,53976353.0,22974342.0,15426110.0,17920176.0,20642727.0,76963355.0,5125000.0,19205292.0,136064708.0,155270000.0,0.8763103497134025
Steelers,2016.0,11.0,5.0,0.0,Good,25334805.0,4433346.0,16885326.0,4133728.0,28392364.0,79179569.0,14224578.0,30494261.0,7261255.0,6603699.0,58583793.0,1730000.0,15776638.0,139493362.0,155270000.0,0.8983922328846525
Texans,2016.0,9.0,7.0,0.0,Mediocre,14412646.0,7911734.0,6448981.0,2062362.0,31103538.0,61939261.0,22938450.0,28597639.0,5327548.0,19939515.0,76803152.0,3355000.0,13172587.0,142097413.0,155270000.0,0.9151633477168802
Titans,2016.0,9.0,7.0,0.0,Mediocre,7534058.0,7603960.0,14852328.0,10992080.0,20398613.0,61381039.0,16030883.0,24561209.0,10382798.0,13084964.0,64059854.0,6234666.0,23594441.0,131675559.0,155270000.0,0.8480425001610099
Vikings,2016.0,8.0,8.0,0.0,Mediocre,12430538.0,13666191.0,8596564.0,7804564.0,32879606.0,75377463.0,27239617.0,12675405.0,12925603.0,16485260.0,69325885.0,1808989.0,8757663.0,146512337.0,155270000.0,0.9435971984285438
49ers,2017.0,6.0,10.0,0.0,Bad,1280189.0,2825514.0,13826473.0,3831656.0,25655347.0,47419179.0,26769176.0,8945957.0,9535769.0,6609065.0,51859967.0,3563550.0,64157304.0,102842696.0,167000000.0,0.6158245269461078
Bears,2017.0,5.0,11.0,0.0,Bad,21278625.0,2385295.0,14645439.0,9938090.0,32573770.0,80821219.0,14795376.0,28878078.0,7234912.0,17788027.0,68696393.0,1641621.0,15840767.0,151159233.0,167000000.0,0.9051451077844311
Bengals,2017.0,7.0,9.0,0.0,Mediocre,16798413.0,7569296.0,24430688.0,9413806.0,17262341.0,75474544.0,26745381.0,17613896.0,10969118.0,22900422.0,78228817.0,4990000.0,8306639.0,158693361.0,167000000.0,0.9502596467065868
Bills,2017.0,9.0,7.0,0.0,Mediocre,10238211.0,11190118.0,6496909.0,11467859.0,35796366.0,75189463.0,24044258.0,7077973.0,7686153.0,5801497.0,44609881.0,4215000.0,42985656.0,124014344.0,167000000.0,0.7426008622754491
Broncos,2017.0,5.0,11.0,0.0,Bad,3920973.0,6090264.0,25054318.0,4832368.0,23704519.0,63602442.0,18044284.0,32420662.0,9142236.0,24273641.0,83880823.0,3350002.0,16166733.0,150833267.0,167000000.0,0.9031932155688622
Browns,2017.0,0.0,16.0,0.0,Bad,2209957.0,4470494.0,5198547.0,3254760.0,41615803.0,56749561.0,14727750.0,21613135.0,3882857.0,7163759.0,47387501.0,5102289.0,57760649.0,109239351.0,167000000.0,0.6541278502994012
Buccaneers,2017.0,5.0,11.0,0.0,Bad,11738985.0,8969129.0,18804531.0,3178912.0,23495847.0,66187404.0,39983769.0,8819460.0,8500031.0,17764740.0,75068000.0,4996176.0,20748420.0,146251580.0,167000000.0,0.8757579640718562
Cardinals,2017.0,8.0,8.0,0.0,Mediocre,29489118.0,3666976.0,20439056.0,6097469.0,28917997.0,88610616.0,23052981.0,9589711.0,15728455.0,21047533.0,69418680.0,4403147.0,4567557.0,162432443.0,167000000.0,0.9726493592814371
Chargers,2017.0,9.0,7.0,0.0,Mediocre,19155000.0,5059879.0,20577484.0,8986982.0,21644924.0,75424269.0,38269110.0,7831143.0,6553828.0,9329846.0,61983927.0,1688162.0,27903642.0,139096358.0,167000000.0,0.8329123233532935
Chiefs,2017.0,10.0,6.0,0.0,Good,21205288.0,4243728.0,5474701.0,7192941.0,25611612.0,63728270.0,16972578.0,42525432.0,14053421.0,6828257.0,80379688.0,6007941.0,16884101.0,150115899.0,167000000.0,0.8988975988023952
Colts,2017.0,4.0,12.0,0.0,Bad,22129791.0,6704574.0,15603598.0,10039875.0,20295961.0,74773799.0,34099351.0,5100805.0,7567614.0,4398800.0,51166570.0,3219000.0,37840631.0,129159369.0,167000000.0,0.7734093952095809
Cowboys,2017.0,9.0,7.0,0.0,Mediocre,1782314.0,7879602.0,26062634.0,16565097.0,23737956.0,76027603.0,22155694.0,13571954.0,3098994.0,10844663.0,49671305.0,6770000.0,34531092.0,132468908.0,167000000.0,0.793226994011976
Dolphins,2017.0,6.0,10.0,0.0,Bad,33058282.0,3310080.0,9776316.0,9519411.0,22688764.0,78352853.0,41429457.0,12498805.0,11301524.0,5758889.0,70988675.0,1851333.0,15807139.0,151192861.0,167000000.0,0.9053464730538923
Eagles,2017.0,13.0,3.0,0.0,Good,7948686.0,7712155.0,20433394.0,10106000.0,34671590.0,80871825.0,36720213.0,14705805.0,14776850.0,4361412.0,70564280.0,2352647.0,13211248.0,153788752.0,167000000.0,0.9208907305389221
Falcons,2017.0,10.0,6.0,0.0,Good,27422800.0,5928217.0,28103286.0,4019531.0,25953036.0,91426870.0,29464935.0,8613729.0,6018899.0,16072634.0,60170197.0,6663334.0,8739599.0,158260401.0,167000000.0,0.9476670718562874
Giants,2017.0,3.0,13.0,0.0,Bad,21444105.0,6721041.0,14572454.0,4806305.0,21971246.0,69515151.0,22683693.0,28902142.0,3870386.0,27976841.0,83433062.0,3565000.0,10486787.0,156513213.0,167000000.0,0.937204868263473
Jaguars,2017.0,10.0,6.0,0.0,Good,10071983.0,13662006.0,13512773.0,7480525.0,24024663.0,68751950.0,45148547.0,13216415.0,15958866.0,13849553.0,88173381.0,2489412.0,7585257.0,159414743.0,167000000.0,0.9545792994011976
Jets,2017.0,5.0,11.0,0.0,Bad,8334184.0,10310192.0,8058956.0,2443262.0,29743163.0,58889757.0,29879586.0,11207483.0,6921694.0,16360022.0,64368785.0,1923948.0,41817510.0,125182490.0,167000000.0,0.749595748502994
Lions,2017.0,9.0,7.0,0.0,Mediocre,17047200.0,5553764.0,18671297.0,5529031.0,23027789.0,69829081.0,29979802.0,12028037.0,11021745.0,17917711.0,70947295.0,9245000.0,16978624.0,150021376.0,167000000.0,0.8983315928143712
Packers,2017.0,7.0,9.0,0.0,Mediocre,21034437.0,2394382.0,31501629.0,3754657.0,28553585.0,87238690.0,14712089.0,28733407.0,11727962.0,9272758.0,64446216.0,4437254.0,10877840.0,156122160.0,167000000.0,0.9348632335329341
Panthers,2017.0,11.0,5.0,0.0,Good,22710632.0,11316345.0,7593965.0,15861068.0,22836833.0,80318843.0,34906236.0,27237850.0,7693071.0,6607630.0,76444787.0,5580000.0,4656370.0,162343630.0,167000000.0,0.9721175449101797
Patriots,2017.0,13.0,3.0,0.0,Good,14476471.0,11010522.0,18838336.0,12917262.0,22196744.0,79439335.0,13431002.0,15560517.0,23735041.0,16603309.0,69329869.0,7085000.0,11145796.0,155854204.0,167000000.0,0.9332587065868263
Raiders,2017.0,6.0,10.0,0.0,Bad,17066663.0,3913937.0,21228435.0,8513978.0,43133182.0,93856195.0,20946096.0,3913692.0,11365174.0,22873492.0,59098454.0,3710000.0,10335351.0,156664649.0,167000000.0,0.9381116706586826
Rams,2017.0,11.0,5.0,0.0,Good,7755133.0,6953354.0,25219237.0,3237501.0,20325435.0,63490660.0,19055848.0,33738804.0,4664589.0,22677275.0,80136516.0,2351257.0,21021567.0,145978433.0,167000000.0,0.8741223532934131
Ravens,2017.0,9.0,7.0,0.0,Mediocre,26742000.0,5270289.0,16212624.0,5393387.0,23346656.0,76964956.0,8609329.0,16621928.0,12619611.0,15031988.0,52882856.0,7246666.0,29905522.0,137094478.0,167000000.0,0.8209250179640718
Redskins,2017.0,7.0,9.0,0.0,Mediocre,27543600.0,4474359.0,10894949.0,11840649.0,35081227.0,89834784.0,12451986.0,25200700.0,6606862.0,24425407.0,68684955.0,3242500.0,5237761.0,161762239.0,167000000.0,0.9686361616766467
Saints,2017.0,11.0,5.0,0.0,Good,20365000.0,6649958.0,7172234.0,13281931.0,32749192.0,80218315.0,23177867.0,11368168.0,9465615.0,5035764.0,49047414.0,5240000.0,32494271.0,134505729.0,167000000.0,0.8054235269461077
Seahawks,2017.0,9.0,7.0,0.0,Mediocre,15443870.0,5565665.0,8724467.0,12553573.0,21118436.0,63406011.0,31095258.0,18261753.0,20890487.0,23142234.0,93389732.0,3174375.0,7029882.0,159970118.0,167000000.0,0.9579048982035928
Steelers,2017.0,13.0,3.0,0.0,Good,21004781.0,13113454.0,17778997.0,3945253.0,39055012.0,94897497.0,15833947.0,15090413.0,12475138.0,11466541.0,54866039.0,1770000.0,15466464.0,151533536.0,167000000.0,0.9073864431137725
Texans,2017.0,4.0,12.0,0.0,Bad,3855907.0,9441681.0,22653336.0,10632622.0,20476207.0,67059753.0,17826431.0,24809067.0,10598898.0,21425963.0,74660359.0,3417500.0,21862388.0,145137612.0,167000000.0,0.869087497005988
Titans,2017.0,9.0,7.0,0.0,Mediocre,10351646.0,8746428.0,19514493.0,7486458.0,17127063.0,63226088.0,20991161.0,32215404.0,13657831.0,15276846.0,82141242.0,7284668.0,14348002.0,152651998.0,167000000.0,0.9140838203592815
Vikings,2017.0,13.0,3.0,0.0,Good,22523284.0,6109029.0,10830686.0,7988864.0,19431712.0,66883575.0,32237754.0,10635653.0,11466277.0,21360634.0,75700318.0,1577353.0,22838754.0,144161246.0,167000000.0,0.8632409940119761
49ers,2018.0,4.0,12.0,0.0,Bad,38197259.0,8311842.0,18448916.0,3643398.0,33769652.0,102371067.0,26561491.0,8852841.0,5634527.0,19623596.0,60672455.0,3134138.0,11022340.0,166177660.0,177200000.0,0.9377971783295711
Bears,2018.0,12.0,4.0,0.0,Good,10598281.0,2865819.0,25821639.0,15662132.0,27038059.0,81985930.0,16269909.0,38170202.0,4184476.0,18514959.0,77139546.0,5942500.0,12132024.0,165067976.0,177200000.0,0.9315348532731377
Bengals,2018.0,6.0,10.0,0.0,Bad,17198153.0,6168245.0,22333466.0,9109741.0,26761854.0,81571459.0,39566157.0,18408108.0,6643766.0,22735864.0,87353895.0,4725000.0,3549646.0,173650354.0,177200000.0,0.9799681376975169
Bills,2018.0,6.0,10.0,0.0,Bad,4972932.0,12700103.0,3135006.0,10226000.0,13535618.0,44569659.0,32407961.0,8735891.0,13024446.0,6815311.0,60983609.0,3740294.0,67906438.0,109293562.0,177200000.0,0.6167808239277652
Broncos,2018.0,6.0,10.0,0.0,Bad,15706000.0,1963621.0,14510892.0,2980830.0,27685340.0,62846683.0,19610747.0,34814194.0,9032891.0,23101585.0,86559417.0,4497055.0,23296845.0,153903155.0,177200000.0,0.8685279627539504
Browns,2018.0,7.0,8.0,1.0,Mediocre,24442360.0,5651728.0,19436865.0,7333699.0,34889282.0,91753934.0,16529922.0,21320019.0,5640141.0,18933305.0,62423387.0,3678529.0,19344150.0,157855850.0,177200000.0,0.8908343679458239
Buccaneers,2018.0,5.0,11.0,0.0,Bad,12616903.0,3981361.0,34124743.0,10224401.0,25173502.0,86120910.0,52559981.0,14813639.0,6026118.0,15212917.0,88612655.0,3889412.0,-1422977.0,178622977.0,177200000.0,1.0080303442437923
Cardinals,2018.0,3.0,13.0,0.0,Bad,5229993.0,6642019.0,21383544.0,8338914.0,16805889.0,58400359.0,25414873.0,16503217.0,8859951.0,16131635.0,66909676.0,3674485.0,48215480.0,128984520.0,177200000.0,0.727903611738149
Chargers,2018.0,12.0,4.0,0.0,Good,23129200.0,4755413.0,25433190.0,7068484.0,27984393.0,88370680.0,36279780.0,7394631.0,10693090.0,17921985.0,72289486.0,1777645.0,14762189.0,162437811.0,177200000.0,0.9166919356659142
Chiefs,2018.0,12.0,4.0,0.0,Good,6462373.0,3839568.0,13410657.0,13224159.0,34676355.0,71613112.0,13806414.0,37313414.0,20988021.0,5449388.0,77557237.0,3085000.0,24944651.0,152255349.0,177200000.0,0.8592288318284425
Colts,2018.0,10.0,6.0,0.0,Good,25722676.0,2083712.0,20549797.0,13375573.0,25505806.0,87237564.0,23924867.0,3849218.0,6461829.0,5307934.0,39543848.0,4184000.0,46234588.0,130965412.0,177200000.0,0.739082460496614
Cowboys,2018.0,10.0,6.0,0.0,Good,1816903.0,7705768.0,17811897.0,2372304.0,43159686.0,72866558.0,35783993.0,18325353.0,4990347.0,5642991.0,64742684.0,2900000.0,36690758.0,140509242.0,177200000.0,0.792941546275395
Dolphins,2018.0,7.0,9.0,0.0,Mediocre,10507195.0,4122610.0,25766603.0,4425226.0,30559407.0,75381041.0,43433317.0,14286351.0,11817797.0,5181370.0,74718835.0,1689133.0,25410991.0,151789009.0,177200000.0,0.8565971162528216
Eagles,2018.0,9.0,7.0,0.0,Mediocre,21505365.0,5143228.0,16761079.0,7215415.0,35461396.0,86086483.0,40131724.0,7463300.0,16905015.0,5192238.0,69692277.0,1672500.0,19748740.0,157451260.0,177200000.0,0.8885511286681715
Falcons,2018.0,7.0,9.0,0.0,Mediocre,22329200.0,7325063.0,24432270.0,2433131.0,40262172.0,96781836.0,17965541.0,8581239.0,8818569.0,27139828.0,62505177.0,5374019.0,12538968.0,164661032.0,177200000.0,0.9292383295711061
Giants,2018.0,5.0,11.0,0.0,Bad,23411925.0,11329128.0,12265128.0,7070209.0,16351639.0,70428029.0,6466608.0,30767653.0,5248621.0,13155011.0,55637893.0,2200000.0,48934078.0,128265922.0,177200000.0,0.7238483182844244
Jaguars,2018.0,5.0,11.0,0.0,Bad,10786333.0,12425774.0,17287457.0,4822038.0,28024882.0,73346484.0,51356162.0,11985485.0,11238779.0,27090280.0,101670706.0,1082022.0,1100788.0,176099212.0,177200000.0,0.9937878781038375
Jets,2018.0,4.0,12.0,0.0,Bad,15760757.0,8070717.0,13044099.0,3861826.0,36847212.0,77584611.0,16787655.0,17434328.0,10941303.0,27956260.0,73119546.0,1908948.0,24586895.0,152613105.0,177200000.0,0.8612477708803612
Lions,2018.0,6.0,10.0,0.0,Bad,27560000.0,7708425.0,10261176.0,4771517.0,26454707.0,76755825.0,25954600.0,13152062.0,13868343.0,12942767.0,65917772.0,6845000.0,27681403.0,149518597.0,177200000.0,0.8437844074492099
Packers,2018.0,6.0,9.0,1.0,Bad,22071928.0,1581868.0,26709607.0,10835666.0,33058976.0,94258045.0,19504029.0,28120459.0,6337244.0,6889233.0,60850965.0,6283723.0,15807267.0,161392733.0,177200000.0,0.9107942042889391
Panthers,2018.0,7.0,9.0,0.0,Mediocre,22245471.0,6826065.0,12957544.0,9312292.0,32444025.0,83785397.0,40940158.0,18702633.0,8525314.0,10046763.0,78214868.0,2470882.0,12728853.0,164471147.0,177200000.0,0.9281667437923251
Patriots,2018.0,11.0,5.0,0.0,Good,23044200.0,7894058.0,15575488.0,16740476.0,20349864.0,83604086.0,17979000.0,16065653.0,22783881.0,15013651.0,71842185.0,7860000.0,13893729.0,163306271.0,177200000.0,0.9215929514672686
Raiders,2018.0,4.0,12.0,0.0,Bad,25915200.0,7694424.0,18652510.0,11533431.0,36376204.0,100171769.0,14213805.0,10206380.0,11068824.0,10862532.0,46351541.0,1268504.0,29408186.0,147791814.0,177200000.0,0.8340395823927765
Rams,2018.0,13.0,3.0,0.0,Good,8767592.0,9038320.0,14151679.0,2758153.0,27763882.0,62479626.0,39110096.0,16676934.0,12948223.0,21356753.0,90092006.0,7578551.0,17049817.0,160150183.0,177200000.0,0.9037820711060948
Ravens,2018.0,10.0,6.0,0.0,Good,27572118.0,3363334.0,12886087.0,4763673.0,21740115.0,70325327.0,10287179.0,22742528.0,16441962.0,26734432.0,76206101.0,9736666.0,20931906.0,156268094.0,177200000.0,0.8818741196388262
Redskins,2018.0,7.0,9.0,0.0,Mediocre,22370588.0,6464791.0,11550945.0,16639653.0,35748048.0,92774025.0,11964793.0,24236263.0,5638443.0,21140054.0,62979553.0,3433990.0,18012432.0,159187568.0,177200000.0,0.8983497065462754
Saints,2018.0,13.0,3.0,0.0,Good,26852600.0,7093841.0,12859196.0,7775068.0,35864741.0,90445446.0,27594929.0,14765854.0,7798629.0,8475586.0,58634998.0,3835000.0,24284556.0,152915444.0,177200000.0,0.8629539729119639
Seahawks,2018.0,10.0,6.0,0.0,Good,24620964.0,4655724.0,20229810.0,3273982.0,23349614.0,76130094.0,10766134.0,26759580.0,26285750.0,7339007.0,71150471.0,3197537.0,26721898.0,150478102.0,177200000.0,0.8491992212189616
Steelers,2018.0,9.0,6.0,1.0,Mediocre,24607847.0,1414972.0,13094252.0,6021982.0,35090781.0,80229834.0,18570996.0,22789249.0,7577505.0,18261233.0,67198983.0,2565235.0,27205948.0,149994052.0,177200000.0,0.8464675620767494
Texans,2018.0,11.0,5.0,0.0,Good,4498746.0,8781571.0,22937792.0,3958681.0,21831728.0,62008518.0,19458959.0,31037318.0,11881679.0,32029767.0,94407723.0,2003166.0,18780593.0,158419407.0,177200000.0,0.8940147121896163
Titans,2018.0,9.0,7.0,0.0,Mediocre,9704446.0,6917202.0,8480482.0,11443542.0,34214395.0,70760067.0,26928600.0,32001276.0,11696707.0,20975177.0,91601760.0,7718000.0,7120173.0,170079827.0,177200000.0,0.9598184367945823
Vikings,2018.0,8.0,7.0,1.0,Mediocre,26462000.0,8510220.0,15333845.0,9592122.0,26668316.0,86566503.0,37136839.0,18490720.0,15731056.0,22554099.0,93912714.0,3230000.0,-6509217.0,183709217.0,177200000.0,1.036733730248307
49ers,2019.0,13.0,3.0,0.0,Good,21532358.0,14578972.0,15938972.0,4258221.0,37558398.0,93866921.0,46925184.0,15326818.0,10736568.0,14706919.0,87695489.0,5600000.0,1037590.0,187162410.0,188200000.0,0.9944867693942614
Bears,2019.0,8.0,8.0,0.0,Mediocre,14055437.0,1792775.0,28561458.0,12492121.0,19864821.0,76766612.0,37374679.0,35184690.0,5683006.0,30304445.0,108546820.0,3000000.0,-113432.0,188313432.0,188200000.0,1.0006027205100956
Bengals,2019.0,2.0,14.0,0.0,Bad,17389080.0,7753530.0,28740271.0,10882654.0,32697458.0,97462993.0,31999183.0,4597140.0,7071863.0,23542739.0,67210925.0,5700000.0,17826082.0,170373918.0,188200000.0,0.9052811795961743
Bills,2019.0,10.0,6.0,0.0,Good,6713826.0,4562191.0,18785529.0,10198933.0,31194376.0,71454855.0,47294878.0,11160531.0,12774835.0,7549959.0,78780203.0,6400000.0,31564942.0,156635058.0,188200000.0,0.8322797980871414
Broncos,2019.0,7.0,9.0,0.0,Mediocre,6936162.0,4939853.0,4509420.0,7329076.0,26251247.0,49965758.0,51967669.0,40689052.0,11185503.0,19461415.0,123303639.0,5600000.0,9330603.0,178869397.0,188200000.0,0.950421875664187
Browns,2019.0,6.0,10.0,0.0,Bad,11826075.0,3404034.0,35727967.0,6562380.0,36723539.0,94243995.0,35510023.0,14396593.0,15255977.0,21268697.0,86431290.0,1900000.0,5624715.0,182575285.0,188200000.0,0.9701130977683315
Buccaneers,2019.0,7.0,9.0,0.0,Mediocre,23770750.0,5056256.0,21774081.0,11313773.0,42981228.0,104896088.0,39767787.0,24235530.0,5355326.0,6147003.0,75505646.0,3700000.0,4098266.0,184101734.0,188200000.0,0.9782238788522848
Cardinals,2019.0,5.0,10.0,1.0,Bad,8296599.0,12140266.0,16674681.0,3588603.0,34014338.0,74714487.0,32631336.0,24966157.0,4786932.0,17466133.0,79850558.0,3700000.0,29934955.0,158265045.0,188200000.0,0.8409407279489904
Chargers,2019.0,5.0,11.0,0.0,Bad,27064655.0,6477550.0,23608026.0,7014216.0,37523591.0,101688038.0,37530815.0,13732642.0,7265608.0,12377117.0,70906182.0,1600000.0,14005780.0,174194220.0,188200000.0,0.925580340063762
Chiefs,2019.0,12.0,4.0,0.0,Good,9288808.0,6758058.0,25947032.0,12691900.0,30594087.0,85279885.0,21921413.0,12349549.0,14285030.0,9297683.0,57853675.0,5400000.0,39666440.0,148533560.0,188200000.0,0.789232518597237
Colts,2019.0,7.0,9.0,0.0,Mediocre,11793235.0,2907359.0,31309352.0,14444000.0,29040221.0,89494167.0,37666168.0,4862403.0,4862403.0,21669013.0,73398143.0,4700000.0,24945846.0,163254154.0,188200000.0,0.867450340063762
Cowboys,2019.0,8.0,8.0,0.0,Mediocre,2903516.0,7258235.0,23195205.0,6115957.0,52928659.0,92401572.0,39862741.0,14935984.0,5626954.0,11759970.0,72185649.0,3200000.0,20412779.0,167787221.0,188200000.0,0.8915367747077577
Dolphins,2019.0,5.0,11.0,0.0,Bad,7119898.0,1989719.0,21269506.0,2790180.0,10059484.0,43228787.0,11592471.0,9743306.0,30648047.0,17524815.0,69508639.0,1800000.0,73662574.0,114537426.0,188200000.0,0.6085941870350691
Eagles,2019.0,9.0,7.0,0.0,Mediocre,14278779.0,5468274.0,19997045.0,7822805.0,36444965.0,84011868.0,29032046.0,7692784.0,20577441.0,9679240.0,66981511.0,1900000.0,35306621.0,152893379.0,188200000.0,0.8123984006376196
Falcons,2019.0,7.0,9.0,0.0,Mediocre,18063000.0,9484109.0,15332230.0,5258881.0,36609416.0,84747636.0,27943790.0,21102931.0,10218404.0,17012133.0,76277258.0,1500000.0,25675106.0,162524894.0,188200000.0,0.8635754197662061
Giants,2019.0,4.0,12.0,0.0,Bad,28405163.0,8989981.0,16166352.0,8759798.0,26599108.0,88920402.0,19346968.0,25906850.0,8300429.0,5000958.0,58555205.0,1700000.0,39024393.0,149175607.0,188200000.0,0.7926440329436769
Jaguars,2019.0,6.0,10.0,0.0,Bad,13149963.0,9322496.0,13956013.0,5508925.0,32106212.0,74043609.0,35181723.0,12613248.0,6361198.0,24220950.0,78377119.0,3200000.0,32579272.0,155620728.0,188200000.0,0.8268901594048884
Jets,2019.0,7.0,9.0,0.0,Mediocre,9491711.0,11432801.0,19374147.0,3093662.0,35809241.0,79201562.0,25053992.0,30512660.0,11243424.0,22098745.0,88908821.0,2000000.0,18089617.0,170110383.0,188200000.0,0.9038808873538788
Lions,2019.0,3.0,12.0,1.0,Bad,31930059.0,2307429.0,17465459.0,6730065.0,27129944.0,85562956.0,24696075.0,15306901.0,5017157.0,23637112.0,68657245.0,6400000.0,27579799.0,160620201.0,188200000.0,0.8534548405951116
Packers,2019.0,13.0,3.0,0.0,Good,30060000.0,2275911.0,16313123.0,16508239.0,45779795.0,110937068.0,27691279.0,23628563.0,8930462.0,13575522.0,73825826.0,6100000.0,-2662894.0,190862894.0,188200000.0,1.0141492773645058
Panthers,2019.0,5.0,11.0,0.0,Bad,24395545.0,6283177.0,9197102.0,9028498.0,22616326.0,71520648.0,48890196.0,40767860.0,8586514.0,7357669.0,105602239.0,3100000.0,7977113.0,180222887.0,188200000.0,0.9576136397449522
Patriots,2019.0,12.0,4.0,0.0,Good,22535204.0,12229419.0,20229111.0,2677268.0,23741152.0,81412154.0,17774218.0,23365010.0,27918225.0,18863654.0,87921107.0,1800000.0,17066739.0,171133261.0,188200000.0,0.909315945802338
Raiders,2019.0,7.0,9.0,0.0,Mediocre,25688481.0,8002165.0,14399349.0,5767514.0,40914105.0,94771614.0,16689468.0,8512658.0,19976408.0,9652415.0,54830949.0,1600000.0,36997437.0,151202563.0,188200000.0,0.8034142561105208
Rams,2019.0,9.0,7.0,0.0,Mediocre,11765577.0,12126193.0,26412655.0,4228642.0,31811467.0,86344534.0,48437482.0,23981219.0,9800904.0,11806937.0,94026542.0,6000000.0,1828924.0,186371076.0,188200000.0,0.9902820191285866
Ravens,2019.0,14.0,2.0,0.0,Good,4187820.0,4647747.0,12405040.0,6811187.0,24600941.0,52652735.0,26705772.0,10453396.0,23587904.0,39039526.0,99786598.0,9900000.0,25860667.0,162339333.0,188200000.0,0.8625894420828906
Redskins,2019.0,3.0,13.0,0.0,Bad,29974202.0,8218621.0,9962196.0,17664279.0,32197919.0,98017217.0,29543348.0,22258256.0,7558867.0,22689383.0,82049854.0,6300000.0,1832929.0,186367071.0,188200000.0,0.990260738575983
Saints,2019.0,13.0,3.0,0.0,Good,26595000.0,3756693.0,13051443.0,6502176.0,42560951.0,92466263.0,25471645.0,20311789.0,4190537.0,16638197.0,66612168.0,6800000.0,22321569.0,165878431.0,188200000.0,0.8813944261424017
Seahawks,2019.0,11.0,5.0,0.0,Good,26996766.0,5035413.0,12335319.0,6730075.0,33430896.0,84528469.0,26701731.0,35139216.0,10653670.0,4300635.0,76795252.0,4000000.0,22876279.0,165323721.0,188200000.0,0.8784469766206163
Steelers,2019.0,8.0,8.0,0.0,Mediocre,27991392.0,1766913.0,4570576.0,8105668.0,36091768.0,78526317.0,45973161.0,27465837.0,5534972.0,18112322.0,97086292.0,6400000.0,6187391.0,182012609.0,188200000.0,0.9671233209351754
Texans,2019.0,10.0,6.0,0.0,Good,7833793.0,12744125.0,27327533.0,3376502.0,26680848.0,77962801.0,43293395.0,27186108.0,10155128.0,20683883.0,101318514.0,5000000.0,3918685.0,184281315.0,188200000.0,0.9791780818278427
Titans,2019.0,9.0,7.0,0.0,Mediocre,23283000.0,7319205.0,16140089.0,8786988.0,34418326.0,89947608.0,34350611.0,19659370.0,8433793.0,30531666.0,92975440.0,4300000.0,976952.0,187223048.0,188200000.0,0.9948089691817216
Vikings,2019.0,10.0,6.0,0.0,Good,29905000.0,4409766.0,22442158.0,6058384.0,24116130.0,86931438.0,38798129.0,12871959.0,15018703.0,27075664.0,93764455.0,3200000.0,4304107.0,183895893.0,188200000.0,0.9771301434643995
